{
  "project_info": {
    "project_number": "930196377301",
    "firebase_url": "https://safelist2.firebaseio.com",
    "project_id": "safelist2",
    "storage_bucket": "safelist2.appspot.com"
  },
  "client": [
    {
      "client_info": {
        "mobilesdk_app_id": "1:930196377301:android:7088696deb7aac3d",
        "android_client_info": {
          "package_name": "com.example.drew.myapplication"
        }
      },
      "oauth_client": [
        {
          "client_id": "930196377301-g76upm9puf1968bk78nqcpch9qvukpgt.apps.googleusercontent.com",
          "client_type": 1,
          "android_info": {
            "package_name": "com.example.drew.myapplication",
            "certificate_hash": "9c30dc1657232cabc5461b3baafa8127ae67d328"
          }
        },
        {
          "client_id": "930196377301-hfo6nuicmp1tc8orcimd85ga1evc6m5o.apps.googleusercontent.com",
          "client_type": 3
        }
      ],
      "api_key": [
        {
          "current_key": "AIzaSyAcsHdbI5HH36n9EQQ2rrzcncCDqmQq0Dw"
        }
      ],
      "services": {
        "appinvite_service": {
          "other_platform_oauth_client": [
            {
              "client_id": "930196377301-hfo6nuicmp1tc8orcimd85ga1evc6m5o.apps.googleusercontent.com",
              "client_type": 3
            }
          ]
        }
      }
    }
  ],
  "configuration_version": "1"
}